りみ,沙綾,りみさあや,5
りみ,香澄,かすりみ,6
りみ,有咲,ありりみ,8
りみ,たえ,たえりみ,26
りみ,ひまり,ひまりみ,0
りみ,つぐみ,つぐりみ,0
りみ,蘭,らんりみ,0
りみ,巴,ともりみ,0
りみ,モカ,モカりみ,0
りみ,千聖,ちさりみ,0
りみ,イヴ,イヴりみ,0
りみ,彩,あやりみ,0
りみ,麻弥,まやりみ,0
りみ,日菜,ひなりみ,0
りみ,紗夜,さよりみ,2
りみ,あこ,あこりみ,0
りみ,友希那,ゆきりみ,1
りみ,燐子,りみりん,2
りみ,リサ,リサりみ,0
りみ,はぐみ,はぐりみ,0
りみ,美咲,みさりみ,5
りみ,こころ,ここりみ,0
りみ,薫,かおりみ,0
りみ,花音,かのんりみ,0
沙綾,香澄,かすさあや,10
沙綾,有咲,ありさあや,553
沙綾,たえ,たえさあや,61
沙綾,ひまり,ひまさあや,0
沙綾,つぐみ,つぐさあや,0
沙綾,蘭,らんさあや,0
沙綾,巴,ともさあや,13
沙綾,モカ,モカさあや,4
沙綾,千聖,ちささあや,0
沙綾,イヴ,イヴさあや,0
沙綾,彩,あやさあや,0
沙綾,麻弥,まやさあや,0
沙綾,日菜,ひなさあや,0
沙綾,紗夜,さよさあや,0
沙綾,あこ,あこさあや,2
沙綾,友希那,ゆきさあや,0
沙綾,燐子,りんさあや,0
沙綾,リサ,リサさあや,0
沙綾,はぐみ,はぐさあや,4
沙綾,美咲,みささあや,0
沙綾,こころ,ここさあや,0
沙綾,薫,かおさあや,2
沙綾,花音,かのんさあや,0
香澄,有咲,かすあり,253
香澄,たえ,かすたえ,4
香澄,ひまり,ひまかす,0
香澄,つぐみ,つぐかす,0
香澄,蘭,蘭かす,4
香澄,巴,かすとも,1
香澄,モカ,モカかす,0
香澄,千聖,ちさかす,0
香澄,イヴ,イヴかす,0
香澄,彩,かすあや,5
香澄,麻弥,まやかす,0
香澄,日菜,かすひな,2
香澄,紗夜,かすさよ,2
香澄,あこ,あこかす,0
香澄,友希那,かすゆき,3
香澄,燐子,りんかす,0
香澄,リサ,リサかす,0
香澄,はぐみ,はぐかす,0
香澄,美咲,みさかす,0
香澄,こころ,ここかす,0
香澄,薫,かおかす,0
香澄,花音,かのんかす,0
有咲,たえ,たえあり,21
有咲,ひまり,ひまあり,0
有咲,つぐみ,つぐあり,1
有咲,蘭,らんあり,0
有咲,巴,ともあり,0
有咲,モカ,モカあり,1
有咲,千聖,ちさあり,2
有咲,イヴ,イヴあり,9
有咲,彩,あやあり,0
有咲,麻弥,まやあり,0
有咲,日菜,ひなあり,3
有咲,紗夜,さよあり,1
有咲,あこ,ありあこ,9
有咲,友希那,ゆきあり,53
有咲,燐子,りんあり,1
有咲,リサ,リサあり,0
有咲,はぐみ,はぐあり,0
有咲,美咲,ありみさ,20
有咲,こころ,ここあり,0
有咲,薫,かおあり,0
有咲,花音,ありかのん,1
たえ,ひまり,ひまたえ,0
たえ,つぐみ,つぐたえ,0
たえ,蘭,らんたえ,0
たえ,巴,ともたえ,0
たえ,モカ,モカたえ,0
たえ,千聖,たえちさ,2
たえ,イヴ,たえイヴ,1
たえ,彩,あやたえ,0
たえ,麻弥,まやたえ,0
たえ,日菜,ひなたえ,0
たえ,紗夜,たえさよ,18
たえ,あこ,あこたえ,0
たえ,友希那,ゆきたえ,0
たえ,燐子,りんたえ,0
たえ,リサ,リサたえ,0
たえ,はぐみ,はぐたえ,0
たえ,美咲,みさたえ,0
たえ,こころ,ここたえ,0
たえ,薫,かおたえ,0
たえ,花音,たえかのん,2
ひまり,つぐみ,つぐひま,6
ひまり,蘭,らんひま,0
ひまり,巴,ともひま,41
ひまり,モカ,モカひま,23
ひまり,千聖,ちさひま,0
ひまり,イヴ,イヴひま,0
ひまり,彩,あやひま,0
ひまり,麻弥,まやひま,0
ひまり,日菜,ひなひま,0
ひまり,紗夜,さよひま,0
ひまり,あこ,あこひま,0
ひまり,友希那,ゆきひま,0
ひまり,燐子,りんひま,1
ひまり,リサ,リサひま,0
ひまり,はぐみ,はぐひま,0
ひまり,美咲,みさひま,0
ひまり,こころ,ここひま,0
ひまり,薫,かおひま,1
ひまり,花音,ひまかのん,3
つぐみ,蘭,蘭つぐ,45
つぐみ,巴,ともつぐ,0
つぐみ,モカ,モカつぐ,11
つぐみ,千聖,ちさつぐ,0
つぐみ,イヴ,イヴつぐ,3
つぐみ,彩,あやつぐ,0
つぐみ,麻弥,まやつぐ,0
つぐみ,日菜,ひなつぐ,8
つぐみ,紗夜,さよつぐ,114
つぐみ,あこ,あこつぐ,0
つぐみ,友希那,ゆきつぐ,0
つぐみ,燐子,りんつぐ,0
つぐみ,リサ,リサつぐ,0
つぐみ,はぐみ,つぐはぐ,8
つぐみ,美咲,みさつぐ,1
つぐみ,こころ,ここつぐ,0
つぐみ,薫,かおつぐ,1
つぐみ,花音,かのんつぐ,0
蘭,巴,ともらん,1
蘭,モカ,モカ蘭,246
蘭,千聖,ちさらん,0
蘭,イヴ,イヴらん,0
蘭,彩,あやらん,1
蘭,麻弥,まやらん,0
蘭,日菜,ひならん,1
蘭,紗夜,蘭さよ,1
蘭,あこ,蘭あこ,1
蘭,友希那,蘭ゆき,46
蘭,燐子,りんらん,0
蘭,リサ,リサ蘭,3
蘭,はぐみ,はぐらん,0
蘭,美咲,らんみさ,1
蘭,こころ,ここらん,0
蘭,薫,かおらん,0
蘭,花音,かのんらん,0
巴,モカ,モカとも,0
巴,千聖,ちさとも,1
巴,イヴ,イヴとも,0
巴,彩,あやとも,0
巴,麻弥,まやとも,0
巴,日菜,ひなとも,0
巴,紗夜,さよとも,0
巴,あこ,ともあこ,3
巴,友希那,ゆきとも,1
巴,燐子,りんとも,0
巴,リサ,リサとも,0
巴,はぐみ,はぐとも,0
巴,美咲,みさとも,0
巴,こころ,こことも,0
巴,薫,かおとも,1
巴,花音,かのんとも,0
モカ,千聖,ちさモカ,0
モカ,イヴ,イヴモカ,0
モカ,彩,モカあや,1
モカ,麻弥,まやモカ,0
モカ,日菜,ひなモカ,0
モカ,紗夜,さよモカ,0
モカ,あこ,あこモカ,0
モカ,友希那,ゆきモカ,0
モカ,燐子,りんモカ,0
モカ,リサ,モカリサ,19
モカ,はぐみ,はぐモカ,0
モカ,美咲,みさモカ,1
モカ,こころ,ここモカ,0
モカ,薫,かおモカ,0
モカ,花音,かのんモカ,0
千聖,イヴ,イヴちさ,10
千聖,彩,あやちさ,272
千聖,麻弥,麻弥ちさ,8
千聖,日菜,ひなちさ,19
千聖,紗夜,さよちさ,13
千聖,あこ,あこちさ,0
千聖,友希那,ゆきちさ,0
千聖,燐子,ちさりん,1
千聖,リサ,リサちさ,0
千聖,はぐみ,はぐちさ,0
千聖,美咲,みさちさ,4
千聖,こころ,ここちさ,0
千聖,薫,かおちさ,96
千聖,花音,ちさかの,27
イヴ,彩,あやイヴ,1
イヴ,麻弥,麻弥イヴ,22
イヴ,日菜,ひなイヴ,4
イヴ,紗夜,さよイヴ,2
イヴ,あこ,あこイヴ,0
イヴ,友希那,ゆきイヴ,0
イヴ,燐子,りんイヴ,0
イヴ,リサ,リサイヴ,0
イヴ,はぐみ,はぐイヴ,0
イヴ,美咲,みさイヴ,0
イヴ,こころ,ここイヴ,0
イヴ,薫,かおイヴ,0
イヴ,花音,かのんイヴ,0
彩,麻弥,まやあや,3
彩,日菜,ひなあや,49
彩,紗夜,あやさよ,17
彩,あこ,あこあや,0
彩,友希那,ゆきあや,2
彩,燐子,あやりん,3
彩,リサ,あやリサ,16
彩,はぐみ,はぐあや,0
彩,美咲,あやみさ,1
彩,こころ,ここあや,0
彩,薫,かおあや,0
彩,花音,あやかのん,24
麻弥,日菜,ひなまや,8
麻弥,紗夜,さよまや,0
麻弥,あこ,麻弥あこ,2
麻弥,友希那,ゆきまや,3
麻弥,燐子,りんまや,0
麻弥,リサ,リサまや,0
麻弥,はぐみ,はぐまや,3
麻弥,美咲,みさまや,0
麻弥,こころ,ここまや,0
麻弥,薫,まやかお,1
麻弥,花音,かのんまや,0
日菜,紗夜,さよひな,469
日菜,あこ,あこひな,0
日菜,友希那,ひなゆき,3
日菜,燐子,りんひな,1
日菜,リサ,リサひな,4
日菜,はぐみ,はぐひな,0
日菜,美咲,ひなみさ,1
日菜,こころ,ひなここ,5
日菜,薫,かおひな,0
日菜,花音,かのひな,2
紗夜,あこ,さよあこ,8
紗夜,友希那,ゆきさよ,53
紗夜,燐子,りんさよ,192
紗夜,リサ,リサさよ,101
紗夜,はぐみ,はぐさよ,0
紗夜,美咲,みささよ,1
紗夜,こころ,ここさよ,0
紗夜,薫,かおさよ,0
紗夜,花音,さよかのん,1
あこ,友希那,ゆきあこ,1
あこ,燐子,りんあこ,56
あこ,リサ,あこリサ,2
あこ,はぐみ,はぐあこ,0
あこ,美咲,みさあこ,0
あこ,こころ,ここあこ,0
あこ,薫,かおあこ,0
あこ,花音,かのんあこ,0
友希那,燐子,ゆきりん,17
友希那,リサ,リサゆき,305
友希那,はぐみ,はぐゆき,0
友希那,美咲,みさゆき,1
友希那,こころ,ゆきここ,1
友希那,薫,ゆきかお,10
友希那,花音,かのんゆき,0
燐子,リサ,りんリサ,6
燐子,はぐみ,はぐりん,0
燐子,美咲,みさりん,2
燐子,こころ,りんここ,2
燐子,薫,かおりん,5
燐子,花音,りんかの,2
リサ,はぐみ,はぐリサ,0
リサ,美咲,みさリサ,0
リサ,こころ,ここリサ,0
リサ,薫,かおリサ,0
リサ,花音,リサかのん,3
はぐみ,美咲,みさはぐ,5
はぐみ,こころ,ここはぐ,1
はぐみ,薫,かおはぐ,9
はぐみ,花音,かのはぐ,1
美咲,こころ,ミシェここ,395
美咲,薫,かおみさ,13
美咲,花音,みさかのん,181
こころ,薫,かおここ,2
こころ,花音,ここかの,5
薫,花音,かおかの,9
沙綾,りみ,りみさあや,5
香澄,りみ,かすりみ,6
有咲,りみ,ありりみ,8
たえ,りみ,たえりみ,26
ひまり,りみ,ひまりみ,0
つぐみ,りみ,つぐりみ,0
蘭,りみ,らんりみ,0
巴,りみ,ともりみ,0
モカ,りみ,モカりみ,0
千聖,りみ,ちさりみ,0
イヴ,りみ,イヴりみ,0
彩,りみ,あやりみ,0
麻弥,りみ,まやりみ,0
日菜,りみ,ひなりみ,0
紗夜,りみ,さよりみ,2
あこ,りみ,あこりみ,0
友希那,りみ,ゆきりみ,1
燐子,りみ,りみりん,2
リサ,りみ,リサりみ,0
はぐみ,りみ,はぐりみ,0
美咲,りみ,みさりみ,5
こころ,りみ,ここりみ,0
薫,りみ,かおりみ,0
花音,りみ,かのんりみ,0
香澄,沙綾,かすさあや,10
有咲,沙綾,ありさあや,553
たえ,沙綾,たえさあや,61
ひまり,沙綾,ひまさあや,0
つぐみ,沙綾,つぐさあや,0
蘭,沙綾,らんさあや,0
巴,沙綾,ともさあや,13
モカ,沙綾,モカさあや,4
千聖,沙綾,ちささあや,0
イヴ,沙綾,イヴさあや,0
彩,沙綾,あやさあや,0
麻弥,沙綾,まやさあや,0
日菜,沙綾,ひなさあや,0
紗夜,沙綾,さよさあや,0
あこ,沙綾,あこさあや,2
友希那,沙綾,ゆきさあや,0
燐子,沙綾,りんさあや,0
リサ,沙綾,リサさあや,0
はぐみ,沙綾,はぐさあや,4
美咲,沙綾,みささあや,0
こころ,沙綾,ここさあや,0
薫,沙綾,かおさあや,2
花音,沙綾,かのんさあや,0
有咲,香澄,かすあり,253
たえ,香澄,かすたえ,4
ひまり,香澄,ひまかす,0
つぐみ,香澄,つぐかす,0
蘭,香澄,蘭かす,4
巴,香澄,かすとも,1
モカ,香澄,モカかす,0
千聖,香澄,ちさかす,0
イヴ,香澄,イヴかす,0
彩,香澄,かすあや,5
麻弥,香澄,まやかす,0
日菜,香澄,かすひな,2
紗夜,香澄,かすさよ,2
あこ,香澄,あこかす,0
友希那,香澄,かすゆき,3
燐子,香澄,りんかす,0
リサ,香澄,リサかす,0
はぐみ,香澄,はぐかす,0
美咲,香澄,みさかす,0
こころ,香澄,ここかす,0
薫,香澄,かおかす,0
花音,香澄,かのんかす,0
たえ,有咲,たえあり,21
ひまり,有咲,ひまあり,0
つぐみ,有咲,つぐあり,1
蘭,有咲,らんあり,0
巴,有咲,ともあり,0
モカ,有咲,モカあり,1
千聖,有咲,ちさあり,2
イヴ,有咲,イヴあり,9
彩,有咲,あやあり,0
麻弥,有咲,まやあり,0
日菜,有咲,ひなあり,3
紗夜,有咲,さよあり,1
あこ,有咲,ありあこ,9
友希那,有咲,ゆきあり,53
燐子,有咲,りんあり,1
リサ,有咲,リサあり,0
はぐみ,有咲,はぐあり,0
美咲,有咲,ありみさ,20
こころ,有咲,ここあり,0
薫,有咲,かおあり,0
花音,有咲,ありかのん,1
ひまり,たえ,ひまたえ,0
つぐみ,たえ,つぐたえ,0
蘭,たえ,らんたえ,0
巴,たえ,ともたえ,0
モカ,たえ,モカたえ,0
千聖,たえ,たえちさ,2
イヴ,たえ,たえイヴ,1
彩,たえ,あやたえ,0
麻弥,たえ,まやたえ,0
日菜,たえ,ひなたえ,0
紗夜,たえ,たえさよ,18
あこ,たえ,あこたえ,0
友希那,たえ,ゆきたえ,0
燐子,たえ,りんたえ,0
リサ,たえ,リサたえ,0
はぐみ,たえ,はぐたえ,0
美咲,たえ,みさたえ,0
こころ,たえ,ここたえ,0
薫,たえ,かおたえ,0
花音,たえ,たえかのん,2
つぐみ,ひまり,つぐひま,6
蘭,ひまり,らんひま,0
巴,ひまり,ともひま,41
モカ,ひまり,モカひま,23
千聖,ひまり,ちさひま,0
イヴ,ひまり,イヴひま,0
彩,ひまり,あやひま,0
麻弥,ひまり,まやひま,0
日菜,ひまり,ひなひま,0
紗夜,ひまり,さよひま,0
あこ,ひまり,あこひま,0
友希那,ひまり,ゆきひま,0
燐子,ひまり,りんひま,1
リサ,ひまり,リサひま,0
はぐみ,ひまり,はぐひま,0
美咲,ひまり,みさひま,0
こころ,ひまり,ここひま,0
薫,ひまり,かおひま,1
花音,ひまり,ひまかのん,3
蘭,つぐみ,蘭つぐ,45
巴,つぐみ,ともつぐ,0
モカ,つぐみ,モカつぐ,11
千聖,つぐみ,ちさつぐ,0
イヴ,つぐみ,イヴつぐ,3
彩,つぐみ,あやつぐ,0
麻弥,つぐみ,まやつぐ,0
日菜,つぐみ,ひなつぐ,8
紗夜,つぐみ,さよつぐ,114
あこ,つぐみ,あこつぐ,0
友希那,つぐみ,ゆきつぐ,0
燐子,つぐみ,りんつぐ,0
リサ,つぐみ,リサつぐ,0
はぐみ,つぐみ,つぐはぐ,8
美咲,つぐみ,みさつぐ,1
こころ,つぐみ,ここつぐ,0
薫,つぐみ,かおつぐ,1
花音,つぐみ,かのんつぐ,0
巴,蘭,ともらん,1
モカ,蘭,モカ蘭,246
千聖,蘭,ちさらん,0
イヴ,蘭,イヴらん,0
彩,蘭,あやらん,1
麻弥,蘭,まやらん,0
日菜,蘭,ひならん,1
紗夜,蘭,蘭さよ,1
あこ,蘭,蘭あこ,1
友希那,蘭,蘭ゆき,46
燐子,蘭,りんらん,0
リサ,蘭,リサ蘭,3
はぐみ,蘭,はぐらん,0
美咲,蘭,らんみさ,1
こころ,蘭,ここらん,0
薫,蘭,かおらん,0
花音,蘭,かのんらん,0
モカ,巴,モカとも,0
千聖,巴,ちさとも,1
イヴ,巴,イヴとも,0
彩,巴,あやとも,0
麻弥,巴,まやとも,0
日菜,巴,ひなとも,0
紗夜,巴,さよとも,0
あこ,巴,ともあこ,3
友希那,巴,ゆきとも,1
燐子,巴,りんとも,0
リサ,巴,リサとも,0
はぐみ,巴,はぐとも,0
美咲,巴,みさとも,0
こころ,巴,こことも,0
薫,巴,かおとも,1
花音,巴,かのんとも,0
千聖,モカ,ちさモカ,0
イヴ,モカ,イヴモカ,0
彩,モカ,モカあや,1
麻弥,モカ,まやモカ,0
日菜,モカ,ひなモカ,0
紗夜,モカ,さよモカ,0
あこ,モカ,あこモカ,0
友希那,モカ,ゆきモカ,0
燐子,モカ,りんモカ,0
リサ,モカ,モカリサ,19
はぐみ,モカ,はぐモカ,0
美咲,モカ,みさモカ,1
こころ,モカ,ここモカ,0
薫,モカ,かおモカ,0
花音,モカ,かのんモカ,0
イヴ,千聖,イヴちさ,10
彩,千聖,あやちさ,272
麻弥,千聖,麻弥ちさ,8
日菜,千聖,ひなちさ,19
紗夜,千聖,さよちさ,13
あこ,千聖,あこちさ,0
友希那,千聖,ゆきちさ,0
燐子,千聖,ちさりん,1
リサ,千聖,リサちさ,0
はぐみ,千聖,はぐちさ,0
美咲,千聖,みさちさ,4
こころ,千聖,ここちさ,0
薫,千聖,かおちさ,96
花音,千聖,ちさかの,27
彩,イヴ,あやイヴ,1
麻弥,イヴ,麻弥イヴ,22
日菜,イヴ,ひなイヴ,4
紗夜,イヴ,さよイヴ,2
あこ,イヴ,あこイヴ,0
友希那,イヴ,ゆきイヴ,0
燐子,イヴ,りんイヴ,0
リサ,イヴ,リサイヴ,0
はぐみ,イヴ,はぐイヴ,0
美咲,イヴ,みさイヴ,0
こころ,イヴ,ここイヴ,0
薫,イヴ,かおイヴ,0
花音,イヴ,かのんイヴ,0
麻弥,彩,まやあや,3
日菜,彩,ひなあや,49
紗夜,彩,あやさよ,17
あこ,彩,あこあや,0
友希那,彩,ゆきあや,2
燐子,彩,あやりん,3
リサ,彩,あやリサ,16
はぐみ,彩,はぐあや,0
美咲,彩,あやみさ,1
こころ,彩,ここあや,0
薫,彩,かおあや,0
花音,彩,あやかのん,24
日菜,麻弥,ひなまや,8
紗夜,麻弥,さよまや,0
あこ,麻弥,麻弥あこ,2
友希那,麻弥,ゆきまや,3
燐子,麻弥,りんまや,0
リサ,麻弥,リサまや,0
はぐみ,麻弥,はぐまや,3
美咲,麻弥,みさまや,0
こころ,麻弥,ここまや,0
薫,麻弥,まやかお,1
花音,麻弥,かのんまや,0
紗夜,日菜,さよひな,469
あこ,日菜,あこひな,0
友希那,日菜,ひなゆき,3
燐子,日菜,りんひな,1
リサ,日菜,リサひな,4
はぐみ,日菜,はぐひな,0
美咲,日菜,ひなみさ,1
こころ,日菜,ひなここ,5
薫,日菜,かおひな,0
花音,日菜,かのひな,2
あこ,紗夜,さよあこ,8
友希那,紗夜,ゆきさよ,53
燐子,紗夜,りんさよ,192
リサ,紗夜,リサさよ,101
はぐみ,紗夜,はぐさよ,0
美咲,紗夜,みささよ,1
こころ,紗夜,ここさよ,0
薫,紗夜,かおさよ,0
花音,紗夜,さよかのん,1
友希那,あこ,ゆきあこ,1
燐子,あこ,りんあこ,56
リサ,あこ,あこリサ,2
はぐみ,あこ,はぐあこ,0
美咲,あこ,みさあこ,0
こころ,あこ,ここあこ,0
薫,あこ,かおあこ,0
花音,あこ,かのんあこ,0
燐子,友希那,ゆきりん,17
リサ,友希那,リサゆき,305
はぐみ,友希那,はぐゆき,0
美咲,友希那,みさゆき,1
こころ,友希那,ゆきここ,1
薫,友希那,ゆきかお,10
花音,友希那,かのんゆき,0
リサ,燐子,りんリサ,6
はぐみ,燐子,はぐりん,0
美咲,燐子,みさりん,2
こころ,燐子,りんここ,2
薫,燐子,かおりん,5
花音,燐子,りんかの,2
はぐみ,リサ,はぐリサ,0
美咲,リサ,みさリサ,0
こころ,リサ,ここリサ,0
薫,リサ,かおリサ,0
花音,リサ,リサかのん,3
美咲,はぐみ,みさはぐ,5
こころ,はぐみ,ここはぐ,1
薫,はぐみ,かおはぐ,9
花音,はぐみ,かのはぐ,1
こころ,美咲,ミシェここ,395
薫,美咲,かおみさ,13
花音,美咲,みさかのん,181
薫,こころ,かおここ,2
花音,こころ,ここかの,5
花音,薫,かおかの,9
